mlogloss,features
1.1050972000000001,f_138
1.0574894,f_11
1.0270182,f_96
1.0071388000000001,f_200
0.9924202,f_66
0.9875724,f_79
0.9820930000000001,f_76
