mlog_loss,mstd,params
-1.076579180111309,0.014858047238944702,"{'kernel': 'rbf', 'probability': True}"
-1.076579180111309,0.014858047238944702,"{'kernel': 'rbf', 'probability': True}"
