mlog_loss,mstd,accuracy,params
0.9667247999999999,0.14118299980023813,0.3880722,"{'colsample_bytree': 0.8114294736069841, 'eta': 0.1485836244386793, 'gamma': 0.2819149283329673, 'max_depth': 10, 'min_child_weight': 1.2482761739791888, 'n_estimators': 752.5617009362217, 'reg_lambda': 0.7851982418996335, 'subsample': 0.7211927933605748}"
